{
  "id": "2203997",
  "name": "Login",
  "font_family": "iconfont",
  "css_prefix_text": "icon-",
  "description": "",
  "glyphs": [
    {
      "icon_id": "3583387",
      "name": "大于",
      "font_class": "dayu",
      "unicode": "e639",
      "unicode_decimal": 58937
    },
    {
      "icon_id": "6489364",
      "name": "ID，姓名，证件",
      "font_class": "IDxingmingzhengjian",
      "unicode": "e604",
      "unicode_decimal": 58884
    },
    {
      "icon_id": "785012",
      "name": "QQ",
      "font_class": "qq",
      "unicode": "e647",
      "unicode_decimal": 58951
    },
    {
      "icon_id": "5354204",
      "name": "邮箱",
      "font_class": "youxiang-",
      "unicode": "e6af",
      "unicode_decimal": 59055
    },
    {
      "icon_id": "10232765",
      "name": "手机号",
      "font_class": "shoujihao",
      "unicode": "e78d",
      "unicode_decimal": 59277
    },
    {
      "icon_id": "1127390",
      "name": "笔",
      "font_class": "pen",
      "unicode": "e61c",
      "unicode_decimal": 58908
    },
    {
      "icon_id": "10593828",
      "name": "笔记本,记事本,本子,辅助方法_jurassic",
      "font_class": "jurassic_text",
      "unicode": "e6a2",
      "unicode_decimal": 59042
    },
    {
      "icon_id": "6282769",
      "name": "搜索",
      "font_class": "sousuo",
      "unicode": "e6b9",
      "unicode_decimal": 59065
    },
    {
      "icon_id": "1546593",
      "name": "退出",
      "font_class": "tuichu",
      "unicode": "e698",
      "unicode_decimal": 59032
    },
    {
      "icon_id": "7844751",
      "name": "写",
      "font_class": "xie",
      "unicode": "e68a",
      "unicode_decimal": 59018
    },
    {
      "icon_id": "9035485",
      "name": "主页",
      "font_class": "zhuye",
      "unicode": "e65d",
      "unicode_decimal": 58973
    },
    {
      "icon_id": "16136919",
      "name": "个人",
      "font_class": "geren",
      "unicode": "e603",
      "unicode_decimal": 58883
    },
    {
      "icon_id": "2907165",
      "name": "客户",
      "font_class": "kehu",
      "unicode": "e6ad",
      "unicode_decimal": 59053
    },
    {
      "icon_id": "5477164",
      "name": "文件",
      "font_class": "wenjian",
      "unicode": "e631",
      "unicode_decimal": 58929
    },
    {
      "icon_id": "7855247",
      "name": "产品",
      "font_class": "chanpin",
      "unicode": "e61b",
      "unicode_decimal": 58907
    },
    {
      "icon_id": "9495526",
      "name": "数据",
      "font_class": "shuju",
      "unicode": "e62e",
      "unicode_decimal": 58926
    },
    {
      "icon_id": "12550350",
      "name": "个人信息",
      "font_class": "gerenxinxi-",
      "unicode": "e62b",
      "unicode_decimal": 58923
    },
    {
      "icon_id": "15779637",
      "name": "打开文件",
      "font_class": "dakaiwenjian",
      "unicode": "e6fb",
      "unicode_decimal": 59131
    },
    {
      "icon_id": "17853366",
      "name": "验证码@1x",
      "font_class": "yanzhengma1x",
      "unicode": "e600",
      "unicode_decimal": 58880
    },
    {
      "icon_id": "435999",
      "name": "姓名",
      "font_class": "xingming",
      "unicode": "e7f7",
      "unicode_decimal": 59383
    },
    {
      "icon_id": "1010084",
      "name": "登录",
      "font_class": "denglu",
      "unicode": "e602",
      "unicode_decimal": 58882
    },
    {
      "icon_id": "7090030",
      "name": "登录",
      "font_class": "denglu1",
      "unicode": "e70a",
      "unicode_decimal": 59146
    },
    {
      "icon_id": "7336778",
      "name": "确认密码",
      "font_class": "querenmima",
      "unicode": "e666",
      "unicode_decimal": 58982
    }
  ]
}
